ID,name,createdAt,createdBy,modifiedAt,modifiedBy
29501820-f144-4ddc-ba64-a458968217eb,name-29501820,2021-12-19T00:00:00.000Z,createdBy.hkbr0@example.com,2017-07-26T00:00:00.000Z,modifiedBy.hkbr0@example.org
19513920-75e4-49f2-9d10-5a33371343e7,name-19513920,2019-04-15T00:00:00.000Z,createdBy.bm91c@example.com,2019-08-26T00:00:00.000Z,modifiedBy.bm91c@example.com
19513921-2e84-4797-81a8-987c8a19b2d1,name-19513921,2000-11-20T00:00:00.000Z,createdBy.bm91d@example.com,2005-02-20T00:00:00.000Z,modifiedBy.bm91d@example.com
19513922-818a-4939-9f3d-c8d8980f1954,name-19513922,2023-09-29T00:00:00.000Z,createdBy.bm91e@example.org,2013-04-14T00:00:00.000Z,modifiedBy.bm91e@example.net
19513923-6b22-4c46-bcd7-bea009b34e6c,name-19513923,2015-12-24T00:00:00.000Z,createdBy.bm91f@example.com,2007-08-22T00:00:00.000Z,modifiedBy.bm91f@example.com
19513924-3743-4669-8abc-cbad3ecface2,name-19513924,2005-11-04T00:00:00.000Z,createdBy.bm91g@example.net,2017-09-01T00:00:00.000Z,modifiedBy.bm91g@example.com
19513925-f8e1-447e-8706-c8fa532300b3,name-19513925,2016-11-20T00:00:00.000Z,createdBy.bm91h@example.org,2002-08-03T00:00:00.000Z,modifiedBy.bm91h@example.org
19513926-b124-42d3-94d1-83ba457624de,name-19513926,2009-02-21T00:00:00.000Z,createdBy.bm91i@example.net,2012-12-12T00:00:00.000Z,modifiedBy.bm91i@example.com
19513927-87a3-48f2-8dcb-870cf74f7ba8,name-19513927,2020-06-01T00:00:00.000Z,createdBy.bm91j@example.net,2013-05-07T00:00:00.000Z,modifiedBy.bm91j@example.com
19513928-b5d3-4d84-b5a4-6750a1b44702,name-19513928,2018-03-15T00:00:00.000Z,createdBy.bm91k@example.com,2008-11-13T00:00:00.000Z,modifiedBy.bm91k@example.org
19513929-277a-422c-96c4-c52c28bf2efe,name-19513929,2000-11-11T00:00:00.000Z,createdBy.bm91l@example.net,2015-10-15T00:00:00.000Z,modifiedBy.bm91l@example.net
19513930-620d-4bae-a3ae-c3d707e9d9be,name-19513930,2023-11-29T00:00:00.000Z,createdBy.bm91m@example.net,2001-04-23T00:00:00.000Z,modifiedBy.bm91m@example.org
19513931-e5d9-452c-8c2f-3e449adf63c7,name-19513931,2001-09-26T00:00:00.000Z,createdBy.bm91n@example.net,2023-12-01T00:00:00.000Z,modifiedBy.bm91n@example.net
19513932-49da-467d-ad4e-7064b4bb9528,name-19513932,2005-09-08T00:00:00.000Z,createdBy.bm91o@example.net,2002-03-27T00:00:00.000Z,modifiedBy.bm91o@example.com
19513933-c5f2-4945-80e5-f88877a648f6,name-19513933,2000-04-10T00:00:00.000Z,createdBy.bm91p@example.org,2000-02-29T00:00:00.000Z,modifiedBy.bm91p@example.com
19513934-0006-4e79-b2f2-fc4e7427deef,name-19513934,2021-01-04T00:00:00.000Z,createdBy.bm91q@example.net,2014-06-22T00:00:00.000Z,modifiedBy.bm91q@example.com
19513935-155b-4d80-874a-675611573f35,name-19513935,2022-02-04T00:00:00.000Z,createdBy.bm91r@example.net,2017-03-24T00:00:00.000Z,modifiedBy.bm91r@example.net
19513936-e90f-4149-9c7f-86795bdf3c8a,name-19513936,2000-11-06T00:00:00.000Z,createdBy.bm91s@example.net,2023-01-13T00:00:00.000Z,modifiedBy.bm91s@example.org
19513937-607f-44a0-99a4-c0968ac3f2eb,name-19513937,2019-03-02T00:00:00.000Z,createdBy.bm91t@example.net,2019-06-23T00:00:00.000Z,modifiedBy.bm91t@example.com
19513938-7511-41e1-b32e-794eb78034b2,name-19513938,2004-12-06T00:00:00.000Z,createdBy.bm91u@example.net,2016-05-04T00:00:00.000Z,modifiedBy.bm91u@example.org
